age,workclass,fnlwgt,education,education-num,marital-status,occupation,relationship,race,sex,capital-gain,capital-loss,hours-per-week,native-country,salary
26,Private,64293,Some-college,10,Never-married,Prof-specialty,Not-in-family,White,Female,0,0,35,United-States,<=50K
72,?,303588,HS-grad,9,Married-civ-spouse,?,Husband,White,Male,0,0,20,United-States,<=50K
23,Local-gov,324960,HS-grad,9,Never-married,Farming-fishing,Not-in-family,White,Male,0,0,40,Poland,<=50K
62,Local-gov,114060,HS-grad,9,Married-civ-spouse,Transport-moving,Husband,White,Male,0,0,40,United-States,<=50K
52,Private,48925,Some-college,10,Married-civ-spouse,Adm-clerical,Husband,White,Male,0,0,40,United-States,<=50K
58,Private,180980,Some-college,10,Divorced,Other-service,Unmarried,White,Female,0,0,42,France,<=50K
25,Private,181054,Bachelors,13,Never-married,Sales,Not-in-family,White,Female,0,0,40,United-States,<=50K
24,Private,388093,Bachelors,13,Never-married,Exec-managerial,Not-in-family,Black,Male,0,0,40,United-States,<=50K
19,Private,249609,Some-college,10,Never-married,Protective-serv,Own-child,White,Male,0,0,8,United-States,<=50K
43,Private,112131,Some-college,10,Married-civ-spouse,Exec-managerial,Husband,White,Male,0,0,40,United-States,<=50K
47,Local-gov,543162,HS-grad,9,Separated,Adm-clerical,Unmarried,Black,Female,0,0,40,United-States,<=50K
39,Private,91996,HS-grad,9,Divorced,Other-service,Unmarried,White,Female,0,0,40,United-States,<=50K
49,Private,141944,Assoc-voc,11,Married-spouse-absent,Handlers-cleaners,Unmarried,White,Male,0,1380,42,United-States,<=50K
53,?,251804,5th-6th,3,Widowed,?,Unmarried,Black,Female,0,0,30,United-States,<=50K
32,Private,37070,Assoc-voc,11,Never-married,Craft-repair,Not-in-family,White,Male,0,0,45,United-States,<=50K
34,Private,337587,Some-college,10,Married-civ-spouse,Prof-specialty,Husband,White,Male,0,0,50,United-States,>50K
28,Private,189346,HS-grad,9,Divorced,Craft-repair,Not-in-family,White,Male,0,0,45,United-States,<=50K
57,?,222216,Assoc-voc,11,Widowed,?,Unmarried,White,Female,0,0,38,United-States,<=50K
25,Private,267044,Some-college,10,Never-married,Adm-clerical,Not-in-family,Amer-Indian-Eskimo,Female,0,0,20,United-States,<=50K
20,?,214635,Some-college,10,Never-married,?,Own-child,White,Male,0,0,24,United-States,<=50K
21,?,204226,Some-college,10,Never-married,?,Unmarried,White,Female,0,0,35,United-States,<=50K
34,Private,108116,Bachelors,13,Married-civ-spouse,Prof-specialty,Husband,White,Male,0,0,50,United-States,>50K
38,Self-emp-inc,99146,Bachelors,13,Married-civ-spouse,Exec-managerial,Husband,White,Male,15024,0,80,United-States,>50K
50,Private,196232,HS-grad,9,Married-civ-spouse,Exec-managerial,Husband,White,Male,7688,0,50,United-States,>50K
24,Local-gov,248344,Some-college,10,Divorced,Handlers-cleaners,Not-in-family,Black,Male,0,0,50,United-States,<=50K
37,Local-gov,186035,Some-college,10,Married-civ-spouse,Tech-support,Husband,White,Male,0,0,45,United-States,>50K
44,Private,177905,Some-college,10,Divorced,Machine-op-inspct,Unmarried,White,Male,0,0,58,United-States,>50K
28,Private,85812,Some-college,10,Married-civ-spouse,Sales,Wife,White,Female,0,0,40,United-States,<=50K
42,Private,221172,Bachelors,13,Married-civ-spouse,Exec-managerial,Husband,White,Male,0,0,40,United-States,>50K
74,Private,99183,Some-college,10,Divorced,Adm-clerical,Not-in-family,White,Female,0,0,9,United-States,<=50K
38,Self-emp-not-inc,190387,HS-grad,9,Married-civ-spouse,Craft-repair,Husband,White,Male,0,0,50,United-States,<=50K
44,Self-emp-not-inc,202692,Masters,14,Married-civ-spouse,Prof-specialty,Husband,White,Male,0,0,40,United-States,<=50K
44,Private,109339,11th,7,Divorced,Machine-op-inspct,Unmarried,Other,Female,0,0,46,Puerto-Rico,<=50K
26,Private,108658,HS-grad,9,Never-married,Machine-op-inspct,Not-in-family,White,Male,0,0,40,United-States,<=50K
36,Private,197202,HS-grad,9,Married-civ-spouse,Other-service,Husband,Black,Male,0,0,40,United-States,<=50K
41,Private,101739,Assoc-acdm,12,Married-civ-spouse,Exec-managerial,Wife,White,Female,0,0,50,United-States,>50K
67,Private,231559,Prof-school,15,Married-civ-spouse,Prof-specialty,Husband,White,Male,20051,0,48,United-States,>50K
39,Local-gov,207853,12th,8,Married-civ-spouse,Tech-support,Husband,White,Male,0,0,50,United-States,<=50K
57,Private,190942,1st-4th,2,Widowed,Priv-house-serv,Not-in-family,Black,Female,0,0,30,United-States,<=50K
29,Private,102345,Assoc-voc,11,Separated,Craft-repair,Not-in-family,White,Male,0,0,40,United-States,<=50K
31,Self-emp-inc,41493,Bachelors,13,Never-married,Farming-fishing,Not-in-family,White,Female,0,0,45,United-States,<=50K
34,?,190027,HS-grad,9,Never-married,?,Unmarried,Black,Female,0,0,40,United-States,<=50K
44,Private,210525,Some-college,10,Married-civ-spouse,Transport-moving,Husband,White,Male,0,0,40,United-States,<=50K
29,Private,133937,Doctorate,16,Never-married,Prof-specialty,Own-child,White,Male,0,0,40,United-States,<=50K
30,Private,237903,Some-college,10,Never-married,Handlers-cleaners,Unmarried,White,Female,0,0,40,United-States,<=50K
27,Private,163862,HS-grad,9,Never-married,Transport-moving,Not-in-family,White,Male,0,0,40,United-States,<=50K
27,Private,201872,Some-college,10,Married-civ-spouse,Sales,Husband,White,Male,0,0,50,United-States,<=50K
32,Private,84179,HS-grad,9,Never-married,Handlers-cleaners,Not-in-family,White,Female,0,0,45,United-States,<=50K
58,Private,51662,10th,6,Married-civ-spouse,Other-service,Wife,White,Female,0,0,8,United-States,<=50K
35,Local-gov,233327,Some-college,10,Married-civ-spouse,Protective-serv,Husband,White,Male,0,0,40,United-States,<=50K
21,Private,259510,HS-grad,9,Never-married,Handlers-cleaners,Own-child,White,Male,0,0,36,United-States,<=50K
28,Private,184831,Some-college,10,Never-married,Craft-repair,Unmarried,White,Male,0,0,40,United-States,<=50K
46,Self-emp-not-inc,245724,Some-college,10,Divorced,Exec-managerial,Not-in-family,White,Male,0,0,50,United-States,<=50K
36,Self-emp-not-inc,27053,HS-grad,9,Separated,Other-service,Unmarried,White,Female,0,0,40,United-States,<=50K
72,Private,205343,11th,7,Widowed,Adm-clerical,Unmarried,White,Female,0,0,40,United-States,<=50K
35,Private,229328,HS-grad,9,Married-civ-spouse,Machine-op-inspct,Wife,Black,Female,0,0,40,United-States,<=50K
33,Federal-gov,319560,Assoc-voc,11,Divorced,Craft-repair,Unmarried,Black,Female,0,0,40,United-States,>50K
69,Private,136218,11th,7,Never-married,Machine-op-inspct,Not-in-family,White,Female,0,0,40,United-States,<=50K
35,Private,54576,HS-grad,9,Married-civ-spouse,Machine-op-inspct,Husband,White,Male,0,0,40,United-States,<=50K
31,Private,323069,HS-grad,9,Separated,Adm-clerical,Unmarried,White,Female,0,0,20,?,<=50K
34,Private,148291,HS-grad,9,Married-civ-spouse,Tech-support,Wife,White,Female,0,0,32,United-States,<=50K
30,Private,152453,11th,7,Married-civ-spouse,Other-service,Husband,White,Male,0,0,40,Mexico,<=50K
28,Private,114053,Bachelors,13,Never-married,Transport-moving,Not-in-family,White,Male,0,0,55,United-States,<=50K
54,Private,212960,Bachelors,13,Married-civ-spouse,Sales,Husband,White,Male,0,0,35,United-States,>50K
47,Private,264052,Some-college,10,Married-civ-spouse,Prof-specialty,Husband,White,Male,0,0,50,United-States,>50K
24,Private,82804,HS-grad,9,Never-married,Handlers-cleaners,Unmarried,Black,Female,0,0,40,United-States,<=50K
52,Self-emp-not-inc,334273,Bachelors,13,Married-civ-spouse,Prof-specialty,Husband,White,Male,0,0,60,United-States,>50K
20,Private,27337,HS-grad,9,Never-married,Handlers-cleaners,Own-child,Amer-Indian-Eskimo,Male,0,0,48,United-States,<=50K
43,Self-emp-inc,188436,Masters,14,Married-civ-spouse,Exec-managerial,Husband,White,Male,5013,0,45,United-States,<=50K
45,Private,433665,7th-8th,4,Separated,Other-service,Unmarried,White,Female,0,0,40,Mexico,<=50K
29,Self-emp-not-inc,110663,HS-grad,9,Separated,Craft-repair,Not-in-family,White,Male,0,0,35,United-States,<=50K
47,Private,87490,Masters,14,Divorced,Exec-managerial,Unmarried,White,Male,0,0,42,United-States,<=50K
24,Private,354351,HS-grad,9,Never-married,Craft-repair,Own-child,White,Male,0,0,40,United-States,<=50K
51,Private,95469,HS-grad,9,Married-civ-spouse,Prof-specialty,Husband,White,Male,0,0,40,United-States,<=50K
17,Private,242718,11th,7,Never-married,Sales,Own-child,White,Male,0,0,12,United-States,<=50K
37,Private,22463,Assoc-voc,11,Married-civ-spouse,Craft-repair,Husband,White,Male,0,1977,40,United-States,>50K
27,Private,158156,Doctorate,16,Never-married,Prof-specialty,Not-in-family,White,Female,0,0,70,United-States,<=50K
29,Private,350162,Bachelors,13,Married-civ-spouse,Exec-managerial,Wife,White,Male,0,0,40,United-States,>50K
18,?,165532,12th,8,Never-married,?,Own-child,White,Male,0,0,25,United-States,<=50K
36,Self-emp-not-inc,28738,Assoc-acdm,12,Divorced,Sales,Unmarried,White,Female,0,0,35,United-States,<=50K
58,Local-gov,283635,Bachelors,13,Never-married,Prof-specialty,Not-in-family,White,Female,0,0,40,United-States,<=50K
26,Self-emp-not-inc,86646,Some-college,10,Married-civ-spouse,Craft-repair,Husband,White,Male,0,0,45,United-States,<=50K
65,?,195733,Some-college,10,Married-civ-spouse,?,Husband,White,Male,0,0,30,United-States,>50K
57,Private,69884,HS-grad,9,Married-civ-spouse,Sales,Husband,White,Male,0,0,40,United-States,>50K
59,Private,199713,HS-grad,9,Married-civ-spouse,Craft-repair,Husband,White,Male,0,0,40,United-States,<=50K
27,Private,181659,HS-grad,9,Married-civ-spouse,Machine-op-inspct,Husband,White,Male,0,0,40,United-States,<=50K
31,Self-emp-not-inc,340939,Bachelors,13,Never-married,Tech-support,Not-in-family,White,Male,0,0,40,United-States,<=50K
21,Private,197747,Some-college,10,Never-married,Sales,Own-child,White,Female,0,0,24,United-States,<=50K
29,Private,34292,Some-college,10,Never-married,Adm-clerical,Not-in-family,White,Male,0,0,60,United-States,<=50K
18,Private,156764,11th,7,Never-married,Other-service,Own-child,White,Male,0,0,40,United-States,<=50K
52,Private,25826,10th,6,Married-civ-spouse,Craft-repair,Husband,White,Male,0,1887,47,United-States,>50K
57,Self-emp-inc,103948,Bachelors,13,Divorced,Prof-specialty,Not-in-family,White,Male,0,0,80,United-States,<=50K
42,?,137390,HS-grad,9,Married-civ-spouse,?,Husband,White,Male,0,0,40,United-States,<=50K
55,?,105138,HS-grad,9,Married-civ-spouse,?,Wife,Asian-Pac-Islander,Female,0,0,40,United-States,<=50K
60,Private,39352,7th-8th,4,Never-married,Transport-moving,Not-in-family,White,Male,0,0,48,United-States,>50K
31,Private,168387,Bachelors,13,Married-civ-spouse,Prof-specialty,Husband,White,Male,7688,0,40,Canada,>50K
23,Private,117789,Bachelors,13,Never-married,Adm-clerical,Own-child,White,Female,0,0,40,United-States,<=50K
27,Private,267147,HS-grad,9,Never-married,Sales,Own-child,White,Male,0,0,40,United-States,<=50K
23,?,99399,Some-college,10,Never-married,?,Unmarried,Amer-Indian-Eskimo,Female,0,0,25,United-States,<=50K
42,Self-emp-not-inc,214242,Prof-school,15,Married-civ-spouse,Prof-specialty,Husband,White,Male,0,1902,50,United-States,>50K
25,Private,200408,Some-college,10,Never-married,Tech-support,Not-in-family,White,Male,2174,0,40,United-States,<=50K
49,Private,136455,Bachelors,13,Never-married,Prof-specialty,Not-in-family,White,Female,0,0,45,United-States,<=50K
32,Private,239824,Bachelors,13,Never-married,Tech-support,Not-in-family,White,Male,0,0,40,United-States,<=50K
19,Private,217039,Some-college,10,Never-married,Adm-clerical,Own-child,White,Male,0,0,28,United-States,<=50K
60,Private,51290,7th-8th,4,Divorced,Other-service,Not-in-family,White,Female,0,0,40,United-States,<=50K
42,Local-gov,175674,9th,5,Married-civ-spouse,Other-service,Husband,White,Male,0,0,40,United-States,<=50K
35,Self-emp-not-inc,194404,Assoc-acdm,12,Never-married,Farming-fishing,Not-in-family,White,Male,0,0,40,United-States,<=50K
48,Private,45612,HS-grad,9,Never-married,Adm-clerical,Unmarried,Black,Female,0,0,37,United-States,<=50K
51,Private,410114,Masters,14,Married-civ-spouse,Craft-repair,Husband,White,Male,0,0,40,United-States,>50K
29,Private,182521,HS-grad,9,Never-married,Craft-repair,Not-in-family,Amer-Indian-Eskimo,Male,0,0,40,United-States,<=50K
36,Local-gov,339772,HS-grad,9,Separated,Exec-managerial,Not-in-family,Black,Male,0,0,40,United-States,<=50K
17,Private,169658,10th,6,Never-married,Other-service,Own-child,White,Female,0,0,21,United-States,<=50K
52,Private,200853,Masters,14,Divorced,Prof-specialty,Not-in-family,White,Female,6849,0,60,United-States,<=50K
24,Private,247564,HS-grad,9,Never-married,Craft-repair,Not-in-family,White,Male,0,0,40,United-States,<=50K
24,Private,249909,HS-grad,9,Married-civ-spouse,Handlers-cleaners,Husband,White,Male,0,0,50,United-States,<=50K
26,Local-gov,208122,Bachelors,13,Never-married,Prof-specialty,Own-child,White,Male,1055,0,40,United-States,<=50K
27,Private,109881,Bachelors,13,Never-married,Other-service,Own-child,White,Female,0,0,20,United-States,<=50K
39,Private,207824,HS-grad,9,Never-married,Handlers-cleaners,Own-child,White,Male,0,0,60,United-States,<=50K
30,Private,369027,HS-grad,9,Married-civ-spouse,Transport-moving,Husband,Black,Male,0,0,45,United-States,<=50K
50,Self-emp-not-inc,114117,HS-grad,9,Married-civ-spouse,Exec-managerial,Husband,White,Male,0,0,32,United-States,<=50K
52,Self-emp-inc,51048,Bachelors,13,Married-civ-spouse,Sales,Husband,White,Male,0,0,55,United-States,<=50K
46,Private,102388,Prof-school,15,Married-civ-spouse,Prof-specialty,Husband,White,Male,15024,0,45,United-States,>50K
23,Private,190483,Bachelors,13,Never-married,Sales,Own-child,White,Female,0,0,20,United-States,<=50K
45,Private,462440,11th,7,Widowed,Other-service,Not-in-family,Black,Female,0,0,20,United-States,<=50K
65,Private,109351,9th,5,Widowed,Priv-house-serv,Unmarried,Black,Female,0,0,24,United-States,<=50K
29,Private,34383,Assoc-voc,11,Married-civ-spouse,Transport-moving,Husband,White,Male,0,0,55,United-States,<=50K
47,Private,241832,9th,5,Married-spouse-absent,Handlers-cleaners,Unmarried,White,Male,0,0,40,El-Salvador,<=50K
30,Private,124187,HS-grad,9,Never-married,Farming-fishing,Own-child,Black,Male,0,0,60,United-States,<=50K
34,Private,153614,HS-grad,9,Married-civ-spouse,Sales,Husband,White,Male,0,0,45,United-States,>50K
38,Self-emp-not-inc,267556,HS-grad,9,Married-civ-spouse,Sales,Husband,White,Male,0,0,64,United-States,<=50K
33,Private,205469,Some-college,10,Married-civ-spouse,Exec-managerial,Husband,White,Male,0,0,40,United-States,>50K
49,Private,268090,Bachelors,13,Married-civ-spouse,Sales,Husband,White,Male,0,0,26,United-States,>50K
47,Self-emp-not-inc,165039,Some-college,10,Never-married,Other-service,Unmarried,Black,Female,0,0,40,United-States,<=50K
49,Local-gov,120451,10th,6,Separated,Other-service,Unmarried,Black,Female,0,0,40,United-States,<=50K
43,Private,154374,Some-college,10,Married-civ-spouse,Craft-repair,Husband,White,Male,15024,0,60,United-States,>50K
30,Private,103649,Bachelors,13,Married-civ-spouse,Adm-clerical,Wife,Black,Female,0,0,40,United-States,>50K
58,Self-emp-not-inc,35723,HS-grad,9,Married-civ-spouse,Craft-repair,Husband,White,Male,0,0,60,United-States,<=50K
19,Private,262601,HS-grad,9,Never-married,Other-service,Own-child,White,Female,0,0,14,United-States,<=50K
21,Private,226181,Bachelors,13,Never-married,Handlers-cleaners,Not-in-family,White,Male,0,0,40,United-States,<=50K
33,Private,175697,Bachelors,13,Married-civ-spouse,Exec-managerial,Husband,White,Male,15024,0,60,United-States,>50K
47,Self-emp-inc,248145,5th-6th,3,Married-civ-spouse,Transport-moving,Husband,White,Male,0,0,50,Cuba,<=50K
52,Self-emp-not-inc,289436,Doctorate,16,Married-civ-spouse,Prof-specialty,Husband,White,Male,0,0,60,United-States,>50K
26,Private,75654,HS-grad,9,Divorced,Craft-repair,Not-in-family,White,Male,0,0,55,United-States,<=50K
60,Private,199378,HS-grad,9,Married-civ-spouse,Craft-repair,Husband,White,Male,0,0,40,United-States,<=50K
21,Private,160968,Some-college,10,Never-married,Handlers-cleaners,Own-child,White,Male,0,0,40,United-States,<=50K
36,Private,188563,Some-college,10,Married-civ-spouse,Sales,Husband,White,Male,5178,0,50,United-States,>50K
31,Private,55849,Some-college,10,Married-civ-spouse,Craft-repair,Husband,White,Male,0,0,45,United-States,<=50K
50,Self-emp-inc,195322,Doctorate,16,Separated,Prof-specialty,Not-in-family,White,Male,0,0,40,United-States,>50K
31,Local-gov,402089,HS-grad,9,Divorced,Adm-clerical,Unmarried,White,Female,0,0,40,United-States,<=50K
71,Private,78277,HS-grad,9,Married-civ-spouse,Craft-repair,Husband,White,Male,0,0,15,United-States,<=50K
58,?,158611,HS-grad,9,Married-civ-spouse,?,Husband,White,Male,0,0,50,United-States,<=50K
30,State-gov,169496,Bachelors,13,Married-civ-spouse,Tech-support,Husband,White,Male,0,0,40,United-States,>50K
20,Private,130959,Some-college,10,Never-married,Other-service,Own-child,White,Male,0,0,20,United-States,<=50K
24,Private,556660,HS-grad,9,Never-married,Exec-managerial,Other-relative,White,Male,4101,0,50,United-States,<=50K
35,Private,292472,Doctorate,16,Married-civ-spouse,Prof-specialty,Husband,Asian-Pac-Islander,Male,0,0,40,Taiwan,>50K
38,State-gov,143774,Some-college,10,Separated,Exec-managerial,Not-in-family,White,Female,0,0,45,United-States,<=50K
27,Private,288341,HS-grad,9,Never-married,Machine-op-inspct,Own-child,White,Female,0,0,32,United-States,<=50K
29,State-gov,71592,Some-college,10,Never-married,Adm-clerical,Unmarried,Asian-Pac-Islander,Female,0,0,40,Philippines,<=50K
70,?,167358,9th,5,Widowed,?,Unmarried,White,Female,1111,0,15,United-States,<=50K
34,Private,106742,HS-grad,9,Married-civ-spouse,Craft-repair,Husband,White,Male,0,0,45,United-States,<=50K
44,Private,219288,7th-8th,4,Married-civ-spouse,Craft-repair,Husband,White,Male,0,0,35,United-States,<=50K
43,Private,174524,HS-grad,9,Married-civ-spouse,Machine-op-inspct,Husband,White,Male,0,0,40,United-States,>50K
44,Self-emp-not-inc,335183,12th,8,Married-civ-spouse,Handlers-cleaners,Husband,Black,Male,0,0,40,United-States,>50K
35,Private,261293,Masters,14,Never-married,Sales,Not-in-family,White,Male,0,0,60,United-States,<=50K
27,Private,111900,Some-college,10,Never-married,Prof-specialty,Not-in-family,White,Male,0,0,40,United-States,<=50K
43,Local-gov,194360,Masters,14,Never-married,Prof-specialty,Not-in-family,White,Male,0,0,38,United-States,<=50K
20,Private,81145,Some-college,10,Never-married,Sales,Not-in-family,White,Female,0,0,25,United-States,<=50K
42,Private,341204,Assoc-acdm,12,Divorced,Prof-specialty,Unmarried,White,Female,8614,0,40,United-States,>50K
27,State-gov,249362,Some-college,10,Married-civ-spouse,Transport-moving,Husband,White,Male,3411,0,40,United-States,<=50K
42,Private,247019,HS-grad,9,Married-civ-spouse,Craft-repair,Husband,Black,Male,0,0,40,United-States,>50K
20,?,114746,11th,7,Married-spouse-absent,?,Own-child,Asian-Pac-Islander,Female,0,1762,40,South,<=50K
24,Private,172146,9th,5,Never-married,Machine-op-inspct,Not-in-family,White,Male,0,1721,40,United-States,<=50K
48,Federal-gov,110457,Some-college,10,Divorced,Exec-managerial,Not-in-family,White,Male,0,0,40,United-States,<=50K
17,?,80077,11th,7,Never-married,?,Own-child,White,Female,0,0,20,United-States,<=50K
17,Self-emp-not-inc,368700,11th,7,Never-married,Farming-fishing,Own-child,White,Male,0,0,10,United-States,<=50K
33,Private,182556,Bachelors,13,Married-civ-spouse,Exec-managerial,Husband,White,Male,0,0,40,United-States,>50K
50,Self-emp-inc,219420,HS-grad,9,Married-civ-spouse,Sales,Husband,White,Male,0,0,50,United-States,>50K
22,Private,240817,HS-grad,9,Never-married,Sales,Own-child,White,Female,2597,0,40,United-States,<=50K
17,Private,102726,12th,8,Never-married,Other-service,Own-child,White,Male,0,0,16,United-States,<=50K
32,Private,226267,Some-college,10,Married-civ-spouse,Adm-clerical,Husband,White,Male,0,0,40,Mexico,<=50K
31,Private,125457,HS-grad,9,Never-married,Craft-repair,Not-in-family,White,Male,0,0,45,United-States,<=50K
58,Self-emp-not-inc,204021,HS-grad,9,Widowed,Exec-managerial,Not-in-family,White,Male,0,0,50,United-States,<=50K
29,Local-gov,92262,HS-grad,9,Never-married,Protective-serv,Own-child,White,Male,0,0,48,United-States,<=50K
37,Private,161141,Assoc-voc,11,Married-civ-spouse,Craft-repair,Husband,White,Male,0,0,40,Portugal,>50K
34,Self-emp-not-inc,190290,HS-grad,9,Married-civ-spouse,Craft-repair,Husband,White,Male,0,0,40,United-States,>50K
23,Local-gov,430828,Some-college,10,Separated,Exec-managerial,Unmarried,Black,Male,0,0,40,United-States,<=50K
18,State-gov,59342,11th,7,Never-married,Adm-clerical,Own-child,White,Female,0,0,5,United-States,<=50K
34,Private,136721,HS-grad,9,Divorced,Exec-managerial,Not-in-family,White,Female,0,0,40,United-States,<=50K
66,?,149422,7th-8th,4,Never-married,?,Not-in-family,White,Male,0,0,4,United-States,<=50K
45,Local-gov,86644,Bachelors,13,Married-civ-spouse,Prof-specialty,Wife,White,Female,0,0,55,United-States,<=50K
41,Private,195124,Masters,14,Never-married,Exec-managerial,Not-in-family,White,Male,0,0,35,Dominican-Republic,<=50K
26,Private,167350,HS-grad,9,Never-married,Other-service,Other-relative,White,Male,0,0,30,United-States,<=50K
54,Local-gov,113000,Some-college,10,Married-civ-spouse,Farming-fishing,Husband,White,Male,0,0,40,United-States,<=50K
24,Private,140027,Some-college,10,Never-married,Machine-op-inspct,Own-child,Black,Female,0,0,45,United-States,<=50K
42,Private,262425,Some-college,10,Married-civ-spouse,Prof-specialty,Husband,White,Male,0,0,50,United-States,<=50K
20,Private,316702,Some-college,10,Never-married,Prof-specialty,Own-child,White,Male,0,0,20,United-States,<=50K
23,State-gov,335453,Bachelors,13,Never-married,Tech-support,Not-in-family,White,Female,0,0,20,United-States,<=50K
25,?,202480,Assoc-acdm,12,Never-married,?,Other-relative,White,Male,0,0,45,United-States,<=50K
35,Private,203628,Masters,14,Never-married,Prof-specialty,Not-in-family,White,Male,0,0,60,United-States,>50K
31,Private,118710,Masters,14,Married-civ-spouse,Tech-support,Husband,White,Male,0,1902,40,United-States,>50K
30,Private,189620,Bachelors,13,Never-married,Prof-specialty,Own-child,White,Female,0,0,40,Poland,<=50K
19,Private,475028,HS-grad,9,Never-married,Sales,Own-child,White,Female,0,0,20,United-States,<=50K
36,Local-gov,110866,Bachelors,13,Never-married,Prof-specialty,Not-in-family,White,Male,0,0,50,United-States,<=50K
31,Private,243605,Bachelors,13,Widowed,Sales,Unmarried,White,Female,0,1380,40,Cuba,<=50K
21,Private,163870,Some-college,10,Never-married,Handlers-cleaners,Own-child,White,Male,0,0,30,United-States,<=50K
31,Self-emp-not-inc,80145,Some-college,10,Married-civ-spouse,Craft-repair,Husband,White,Male,0,0,40,United-States,<=50K
46,Private,295566,Doctorate,16,Divorced,Prof-specialty,Unmarried,White,Female,25236,0,65,United-States,>50K
44,Private,63042,Bachelors,13,Divorced,Exec-managerial,Own-child,White,Female,0,0,50,United-States,>50K
40,Private,229148,12th,8,Married-civ-spouse,Other-service,Husband,Black,Male,0,0,40,Jamaica,<=50K
45,Private,242552,Some-college,10,Never-married,Sales,Not-in-family,Black,Male,0,0,40,United-States,<=50K
60,Private,177665,HS-grad,9,Married-civ-spouse,Craft-repair,Husband,White,Male,0,0,35,United-States,<=50K
18,Private,208103,11th,7,Never-married,Other-service,Other-relative,White,Male,0,0,25,United-States,<=50K
28,Private,296450,Bachelors,13,Married-civ-spouse,Prof-specialty,Husband,White,Male,0,0,40,United-States,<=50K
36,Private,70282,Some-college,10,Divorced,Adm-clerical,Unmarried,Black,Female,0,0,40,United-States,<=50K
36,Private,271767,Bachelors,13,Separated,Prof-specialty,Not-in-family,White,Male,0,0,40,?,<=50K
40,Private,144995,Assoc-voc,11,Married-civ-spouse,Tech-support,Husband,White,Male,4386,0,40,United-States,<=50K
36,Local-gov,382635,Bachelors,13,Divorced,Adm-clerical,Unmarried,White,Female,0,0,35,Honduras,<=50K
31,Private,295697,HS-grad,9,Separated,Other-service,Unmarried,Black,Female,0,0,40,United-States,<=50K
33,Private,194141,HS-grad,9,Married-civ-spouse,Machine-op-inspct,Husband,White,Male,0,0,40,United-States,<=50K
19,State-gov,378418,HS-grad,9,Never-married,Tech-support,Own-child,White,Female,0,0,40,United-States,<=50K
22,Private,214399,Some-college,10,Never-married,Sales,Own-child,White,Female,0,0,15,United-States,<=50K
34,Private,217460,Bachelors,13,Married-civ-spouse,Exec-managerial,Husband,White,Male,0,0,45,United-States,>50K
33,Private,182556,HS-grad,9,Never-married,Other-service,Not-in-family,White,Male,0,0,40,United-States,<=50K
41,Private,125831,HS-grad,9,Married-civ-spouse,Craft-repair,Husband,White,Male,0,2051,60,United-States,<=50K
29,Private,271328,Bachelors,13,Never-married,Prof-specialty,Not-in-family,White,Male,4650,0,40,United-States,<=50K
50,Local-gov,50459,HS-grad,9,Married-civ-spouse,Exec-managerial,Husband,White,Male,0,0,42,United-States,>50K
42,Private,162140,Bachelors,13,Married-civ-spouse,Exec-managerial,Husband,White,Male,7298,0,45,United-States,>50K
43,Private,177937,Bachelors,13,Never-married,Prof-specialty,Not-in-family,White,Male,0,0,40,?,>50K
44,Private,111502,HS-grad,9,Married-civ-spouse,Sales,Wife,White,Female,0,0,40,United-States,<=50K
20,Private,299047,Some-college,10,Never-married,Other-service,Not-in-family,White,Female,0,0,20,United-States,<=50K
31,Private,223212,HS-grad,9,Married-civ-spouse,Other-service,Husband,White,Male,0,0,40,Mexico,<=50K
65,Self-emp-not-inc,118474,11th,7,Married-civ-spouse,Exec-managerial,Husband,White,Male,9386,0,59,?,>50K
23,Private,352139,Some-college,10,Never-married,Other-service,Not-in-family,White,Female,0,0,24,United-States,<=50K
55,Private,173093,Some-college,10,Divorced,Adm-clerical,Not-in-family,Asian-Pac-Islander,Female,0,0,40,United-States,<=50K
26,Private,181655,Assoc-voc,11,Married-civ-spouse,Adm-clerical,Husband,White,Male,0,2377,45,United-States,<=50K
25,Private,332702,Assoc-voc,11,Never-married,Other-service,Own-child,White,Female,0,0,15,United-States,<=50K
45,?,51164,Some-college,10,Married-civ-spouse,?,Wife,Black,Female,0,0,40,United-States,<=50K
35,Private,234901,Some-college,10,Married-civ-spouse,Craft-repair,Husband,White,Male,2407,0,40,United-States,<=50K
36,Private,131414,Some-college,10,Never-married,Sales,Not-in-family,Black,Female,0,0,36,United-States,<=50K
43,State-gov,260960,Bachelors,13,Married-civ-spouse,Prof-specialty,Husband,White,Male,0,0,50,United-States,<=50K
56,Private,156052,HS-grad,9,Widowed,Other-service,Unmarried,Black,Female,594,0,20,United-States,<=50K
42,Private,279914,Bachelors,13,Married-civ-spouse,Tech-support,Husband,White,Male,0,0,40,United-States,>50K
19,Private,192453,Some-college,10,Never-married,Other-service,Other-relative,White,Female,0,0,25,United-States,<=50K
55,Self-emp-not-inc,200939,HS-grad,9,Married-civ-spouse,Transport-moving,Husband,White,Male,0,0,72,United-States,<=50K
42,Private,151408,Masters,14,Never-married,Exec-managerial,Not-in-family,White,Female,14084,0,50,United-States,>50K
26,Private,112847,Assoc-voc,11,Never-married,Tech-support,Own-child,White,Male,0,0,40,United-States,<=50K
17,Private,316929,12th,8,Never-married,Handlers-cleaners,Own-child,White,Male,0,0,20,United-States,<=50K
42,Local-gov,126319,Bachelors,13,Married-civ-spouse,Prof-specialty,Wife,White,Female,0,0,40,United-States,>50K
55,Private,197422,HS-grad,9,Married-civ-spouse,Transport-moving,Husband,White,Male,7688,0,40,United-States,>50K
32,Private,267736,Some-college,10,Never-married,Adm-clerical,Own-child,Black,Female,0,0,40,United-States,<=50K
29,Private,267034,11th,7,Never-married,Craft-repair,Own-child,Black,Male,0,0,40,Haiti,<=50K
46,State-gov,193047,Bachelors,13,Married-civ-spouse,Prof-specialty,Husband,White,Male,0,0,37,United-States,<=50K
29,State-gov,356089,Bachelors,13,Married-civ-spouse,Exec-managerial,Husband,White,Male,7688,0,40,United-States,>50K
22,Private,223515,Bachelors,13,Never-married,Prof-specialty,Unmarried,White,Male,0,0,20,United-States,<=50K
58,Self-emp-not-inc,87510,10th,6,Married-civ-spouse,Craft-repair,Husband,White,Male,0,0,40,United-States,<=50K
23,Private,145111,HS-grad,9,Never-married,Transport-moving,Unmarried,White,Male,0,0,50,United-States,<=50K
39,Private,48093,HS-grad,9,Never-married,Handlers-cleaners,Not-in-family,White,Male,0,0,40,United-States,<=50K
27,Private,31757,Assoc-voc,11,Never-married,Craft-repair,Own-child,White,Male,0,0,38,United-States,<=50K
54,Private,285854,HS-grad,9,Married-civ-spouse,Transport-moving,Husband,White,Male,0,0,40,United-States,>50K
33,Local-gov,120064,Bachelors,13,Never-married,Prof-specialty,Not-in-family,White,Female,0,0,45,United-States,<=50K
46,Federal-gov,167381,HS-grad,9,Married-civ-spouse,Adm-clerical,Wife,White,Female,0,0,40,United-States,>50K
37,Private,103408,HS-grad,9,Never-married,Farming-fishing,Not-in-family,Black,Male,0,0,40,United-States,<=50K
36,Private,101460,HS-grad,9,Never-married,Other-service,Not-in-family,White,Female,0,0,18,United-States,<=50K
59,Local-gov,420537,HS-grad,9,Married-civ-spouse,Adm-clerical,Wife,White,Female,0,0,38,United-States,>50K
34,Local-gov,119411,HS-grad,9,Divorced,Protective-serv,Unmarried,White,Male,0,0,40,Portugal,<=50K
53,Self-emp-inc,128272,Doctorate,16,Married-civ-spouse,Exec-managerial,Husband,White,Male,0,0,70,United-States,>50K
51,Private,386773,Bachelors,13,Never-married,Sales,Not-in-family,White,Male,0,0,55,United-States,>50K
32,Private,283268,10th,6,Separated,Other-service,Unmarried,White,Female,0,0,42,United-States,<=50K
31,State-gov,301526,Some-college,10,Married-spouse-absent,Other-service,Other-relative,White,Male,0,0,40,United-States,<=50K
22,Private,151790,Some-college,10,Married-civ-spouse,Sales,Wife,White,Female,0,0,30,Germany,<=50K
47,Self-emp-not-inc,106252,Bachelors,13,Divorced,Sales,Not-in-family,White,Female,0,0,50,United-States,<=50K
32,Private,188557,HS-grad,9,Never-married,Machine-op-inspct,Not-in-family,White,Male,0,0,40,United-States,<=50K
26,Private,171114,Some-college,10,Never-married,Farming-fishing,Not-in-family,White,Female,0,0,38,United-States,<=50K
37,Private,327323,5th-6th,3,Separated,Farming-fishing,Not-in-family,White,Male,0,0,32,Guatemala,<=50K
31,Private,244147,HS-grad,9,Divorced,Craft-repair,Unmarried,White,Male,0,0,55,United-States,<=50K
37,Private,280282,Assoc-voc,11,Married-civ-spouse,Tech-support,Wife,White,Female,0,0,24,United-States,>50K
55,Private,116442,HS-grad,9,Never-married,Sales,Not-in-family,White,Male,0,0,38,United-States,<=50K
23,Local-gov,282579,Assoc-voc,11,Divorced,Tech-support,Not-in-family,White,Male,0,0,56,United-States,<=50K
36,Private,51838,Some-college,10,Divorced,Adm-clerical,Unmarried,White,Female,0,0,40,United-States,<=50K
34,Private,73585,Masters,14,Married-civ-spouse,Prof-specialty,Husband,White,Male,0,0,40,?,<=50K
43,Private,226902,Bachelors,13,Married-civ-spouse,Sales,Husband,White,Male,0,0,50,United-States,>50K
54,Private,279129,Some-college,10,Never-married,Tech-support,Not-in-family,White,Male,0,0,40,United-States,<=50K
43,State-gov,146908,Some-college,10,Married-civ-spouse,Craft-repair,Husband,White,Male,0,0,40,?,<=50K
28,Private,196690,Assoc-voc,11,Never-married,Machine-op-inspct,Not-in-family,White,Female,0,1669,42,United-States,<=50K
40,Private,130760,Assoc-voc,11,Married-civ-spouse,Exec-managerial,Husband,White,Male,0,0,50,United-States,>50K
41,Self-emp-not-inc,49572,Some-college,10,Married-civ-spouse,Exec-managerial,Husband,White,Male,0,0,60,United-States,<=50K
40,Private,237601,Bachelors,13,Never-married,Sales,Not-in-family,Other,Female,0,0,55,United-States,>50K
42,Private,169628,Some-college,10,Divorced,Adm-clerical,Not-in-family,Black,Female,0,0,38,United-States,<=50K
61,Self-emp-not-inc,36671,HS-grad,9,Married-civ-spouse,Farming-fishing,Husband,White,Male,0,2352,50,United-States,<=50K
18,Private,231193,12th,8,Never-married,Machine-op-inspct,Own-child,White,Male,0,0,30,United-States,<=50K
59,?,192130,HS-grad,9,Married-civ-spouse,?,Husband,White,Male,0,0,16,United-States,<=50K
21,?,149704,HS-grad,9,Never-married,?,Not-in-family,White,Female,1055,0,40,United-States,<=50K
48,Private,102102,Assoc-voc,11,Married-civ-spouse,Tech-support,Husband,White,Male,0,0,50,United-States,>50K
41,Self-emp-inc,32185,Bachelors,13,Married-civ-spouse,Tech-support,Husband,White,Male,0,0,40,United-States,<=50K
18,?,196061,Some-college,10,Never-married,?,Own-child,White,Male,0,0,33,United-States,<=50K
23,Private,211046,HS-grad,9,Never-married,Sales,Not-in-family,White,Female,2463,0,40,United-States,<=50K
60,Private,31577,HS-grad,9,Married-civ-spouse,Transport-moving,Husband,White,Male,0,0,60,United-States,>50K
22,Private,162343,Some-college,10,Never-married,Other-service,Other-relative,Black,Male,0,0,20,United-States,<=50K
61,Private,128831,HS-grad,9,Married-civ-spouse,Machine-op-inspct,Husband,White,Male,0,0,40,United-States,<=50K
25,Private,316688,HS-grad,9,Never-married,Machine-op-inspct,Not-in-family,Black,Male,0,0,40,United-States,<=50K
46,Private,90758,Masters,14,Never-married,Tech-support,Not-in-family,White,Male,0,0,35,United-States,>50K
43,Private,274363,Bachelors,13,Married-civ-spouse,Exec-managerial,Husband,White,Male,0,1902,40,England,>50K
43,Private,154538,Assoc-acdm,12,Divorced,Craft-repair,Not-in-family,White,Male,0,0,40,United-States,<=50K
24,Private,106085,HS-grad,9,Never-married,Other-service,Own-child,Black,Male,0,1721,30,United-States,<=50K
68,Self-emp-not-inc,315859,11th,7,Never-married,Farming-fishing,Unmarried,White,Male,0,0,20,United-States,<=50K
31,Private,51471,HS-grad,9,Divorced,Adm-clerical,Unmarried,White,Female,0,0,38,United-States,<=50K
17,Private,193830,11th,7,Never-married,Sales,Own-child,White,Female,0,0,20,United-States,<=50K
32,Private,231043,HS-grad,9,Married-civ-spouse,Craft-repair,Husband,White,Male,5178,0,48,United-States,>50K
50,?,23780,Masters,14,Married-spouse-absent,?,Other-relative,White,Male,0,0,40,United-States,<=50K
33,Private,169879,Bachelors,13,Married-civ-spouse,Prof-specialty,Husband,White,Male,3103,0,47,United-States,>50K
64,Private,270333,Bachelors,13,Married-civ-spouse,Prof-specialty,Husband,White,Male,0,0,40,United-States,>50K
20,Private,138768,HS-grad,9,Never-married,Transport-moving,Own-child,White,Male,0,0,30,United-States,<=50K
30,Private,191571,HS-grad,9,Separated,Other-service,Own-child,White,Female,0,0,36,United-States,<=50K
22,?,219941,Some-college,10,Never-married,?,Own-child,Black,Male,0,0,40,United-States,<=50K
43,Private,94113,Some-college,10,Divorced,Exec-managerial,Not-in-family,White,Male,0,0,45,United-States,<=50K
22,Private,137510,Some-college,10,Never-married,Adm-clerical,Own-child,White,Male,0,0,40,United-States,<=50K
17,Private,32607,10th,6,Never-married,Farming-fishing,Own-child,White,Male,0,0,20,United-States,<=50K
47,Self-emp-not-inc,93208,HS-grad,9,Married-civ-spouse,Other-service,Wife,White,Female,0,0,75,Italy,<=50K
41,Private,254440,Assoc-voc,11,Never-married,Prof-specialty,Not-in-family,White,Female,0,0,60,United-States,<=50K
56,Private,186556,Some-college,10,Married-civ-spouse,Craft-repair,Husband,White,Male,0,0,50,United-States,>50K
64,Private,169871,HS-grad,9,Married-civ-spouse,Transport-moving,Husband,White,Male,0,0,45,United-States,<=50K
47,Private,191277,HS-grad,9,Married-civ-spouse,Transport-moving,Husband,White,Male,0,0,50,United-States,>50K
48,Private,167159,Assoc-voc,11,Never-married,Adm-clerical,Unmarried,White,Male,0,0,40,United-States,<=50K
31,Private,171871,Masters,14,Never-married,Prof-specialty,Not-in-family,White,Female,0,0,46,United-States,<=50K
29,Private,154411,Assoc-voc,11,Never-married,Tech-support,Own-child,White,Male,0,0,40,United-States,<=50K
30,Private,129227,HS-grad,9,Widowed,Adm-clerical,Not-in-family,White,Female,0,0,40,United-States,<=50K
32,Private,110331,HS-grad,9,Married-civ-spouse,Exec-managerial,Husband,White,Male,0,1672,60,United-States,<=50K
57,Private,34269,HS-grad,9,Widowed,Transport-moving,Unmarried,White,Male,0,653,42,United-States,>50K
62,Private,174355,HS-grad,9,Widowed,Other-service,Not-in-family,White,Female,0,0,40,United-States,<=50K
39,Private,680390,HS-grad,9,Separated,Machine-op-inspct,Unmarried,White,Female,0,0,24,United-States,<=50K
43,Private,233130,Some-college,10,Never-married,Adm-clerical,Not-in-family,White,Male,0,0,25,United-States,<=50K
24,Self-emp-inc,165474,Bachelors,13,Never-married,Sales,Own-child,White,Male,0,0,40,United-States,<=50K
42,?,257780,11th,7,Married-civ-spouse,?,Husband,White,Male,0,0,15,United-States,<=50K
53,Private,194259,Some-college,10,Married-civ-spouse,Adm-clerical,Wife,White,Female,4386,0,40,United-States,>50K
26,Private,280093,Some-college,10,Never-married,Handlers-cleaners,Own-child,White,Male,0,0,40,United-States,<=50K
73,Self-emp-not-inc,177387,HS-grad,9,Married-civ-spouse,Exec-managerial,Husband,White,Male,0,0,40,United-States,<=50K
72,?,28929,11th,7,Widowed,?,Not-in-family,White,Female,0,0,24,United-States,<=50K
55,Private,105304,HS-grad,9,Married-civ-spouse,Machine-op-inspct,Husband,White,Male,0,0,40,United-States,<=50K
25,Private,499233,HS-grad,9,Divorced,Adm-clerical,Not-in-family,White,Male,0,0,40,United-States,<=50K
41,Private,180572,Bachelors,13,Divorced,Prof-specialty,Not-in-family,White,Female,0,0,50,United-States,>50K
24,Private,321435,Bachelors,13,Never-married,Exec-managerial,Not-in-family,White,Male,0,0,50,United-States,<=50K
63,Private,86108,HS-grad,9,Widowed,Farming-fishing,Not-in-family,White,Male,0,0,6,United-States,<=50K
17,Private,198124,11th,7,Never-married,Sales,Own-child,White,Male,0,0,20,United-States,<=50K
35,Private,135162,Some-college,10,Married-civ-spouse,Craft-repair,Husband,White,Male,0,0,50,United-States,<=50K
51,Private,146813,Some-college,10,Married-civ-spouse,Prof-specialty,Husband,White,Male,0,0,40,United-States,>50K
62,Local-gov,291175,Bachelors,13,Widowed,Prof-specialty,Not-in-family,White,Female,0,0,48,United-States,<=50K
55,Private,387569,HS-grad,9,Married-civ-spouse,Craft-repair,Husband,White,Male,4386,0,40,United-States,>50K
43,Private,102895,Some-college,10,Divorced,Prof-specialty,Not-in-family,White,Male,0,0,40,United-States,<=50K
40,Local-gov,33274,HS-grad,9,Divorced,Other-service,Not-in-family,White,Female,0,0,50,United-States,<=50K
37,Private,86551,Bachelors,13,Married-civ-spouse,Exec-managerial,Husband,White,Male,0,0,45,United-States,>50K
39,Private,138192,Bachelors,13,Married-civ-spouse,Craft-repair,Husband,White,Male,0,0,40,United-States,<=50K
31,Private,118966,HS-grad,9,Never-married,Craft-repair,Own-child,White,Male,0,0,18,United-States,<=50K
61,Private,99784,Masters,14,Widowed,Prof-specialty,Not-in-family,White,Female,0,0,40,United-States,>50K
26,Private,90980,Assoc-voc,11,Divorced,Adm-clerical,Not-in-family,White,Female,0,0,55,United-States,<=50K
46,Self-emp-not-inc,177407,HS-grad,9,Married-civ-spouse,Sales,Husband,White,Male,0,0,50,United-States,<=50K
26,Private,96467,Bachelors,13,Never-married,Prof-specialty,Not-in-family,White,Female,0,0,40,United-States,<=50K
48,State-gov,327886,Doctorate,16,Divorced,Prof-specialty,Own-child,White,Male,0,0,50,United-States,>50K
34,Private,111567,HS-grad,9,Never-married,Transport-moving,Own-child,White,Male,0,0,40,United-States,<=50K
34,Local-gov,166545,HS-grad,9,Never-married,Adm-clerical,Own-child,White,Female,0,0,40,United-States,<=50K
59,Private,142182,HS-grad,9,Married-civ-spouse,Other-service,Husband,White,Male,0,0,40,United-States,>50K
34,Private,188798,Bachelors,13,Never-married,Prof-specialty,Own-child,White,Female,0,0,40,United-States,<=50K
49,Private,38563,Bachelors,13,Never-married,Exec-managerial,Not-in-family,White,Female,0,0,56,United-States,>50K
18,Private,216284,11th,7,Never-married,Adm-clerical,Own-child,White,Female,0,0,20,United-States,<=50K
43,Private,191547,HS-grad,9,Married-civ-spouse,Farming-fishing,Husband,White,Male,0,0,40,Mexico,<=50K
48,Private,285335,11th,7,Married-civ-spouse,Exec-managerial,Husband,White,Male,0,0,50,United-States,<=50K
28,Self-emp-inc,142712,Some-college,10,Married-civ-spouse,Exec-managerial,Husband,White,Male,0,0,70,United-States,<=50K
33,Private,80945,HS-grad,9,Married-civ-spouse,Machine-op-inspct,Husband,White,Male,0,0,40,United-States,<=50K
24,Private,309055,Some-college,10,Never-married,Sales,Not-in-family,White,Female,0,0,15,United-States,<=50K
21,Private,62339,10th,6,Never-married,Handlers-cleaners,Not-in-family,White,Male,0,0,40,United-States,<=50K
17,Private,368700,11th,7,Never-married,Sales,Own-child,White,Male,0,0,28,United-States,<=50K
39,Private,176186,Some-college,10,Married-civ-spouse,Farming-fishing,Husband,White,Male,0,0,50,United-States,>50K
29,Self-emp-not-inc,266855,Bachelors,13,Separated,Prof-specialty,Own-child,White,Male,0,0,40,United-States,<=50K
44,Private,48087,Bachelors,13,Married-civ-spouse,Exec-managerial,Husband,White,Male,0,0,40,United-States,>50K
24,Private,121313,Some-college,10,Never-married,Transport-moving,Own-child,White,Male,0,0,50,United-States,<=50K
71,Self-emp-not-inc,143437,Masters,14,Married-civ-spouse,Sales,Husband,White,Male,10605,0,40,United-States,>50K
51,Self-emp-not-inc,160724,Bachelors,13,Married-civ-spouse,Sales,Husband,Asian-Pac-Islander,Male,0,2415,40,China,>50K
55,Private,282753,5th-6th,3,Divorced,Other-service,Unmarried,Black,Male,0,0,25,United-States,<=50K
41,Private,194636,Bachelors,13,Married-civ-spouse,Exec-managerial,Husband,White,Male,0,0,60,United-States,>50K
23,Private,153044,HS-grad,9,Never-married,Handlers-cleaners,Unmarried,Black,Female,0,0,7,United-States,<=50K
38,Private,411797,Assoc-voc,11,Divorced,Adm-clerical,Unmarried,White,Female,0,0,40,United-States,<=50K
39,Private,117683,HS-grad,9,Married-civ-spouse,Transport-moving,Husband,White,Male,0,0,40,United-States,>50K
19,Private,376540,HS-grad,9,Never-married,Adm-clerical,Not-in-family,White,Female,0,0,30,United-States,<=50K
49,Private,72393,9th,5,Divorced,Machine-op-inspct,Not-in-family,White,Female,0,0,40,United-States,<=50K
32,Private,270335,Bachelors,13,Married-civ-spouse,Adm-clerical,Other-relative,White,Male,0,0,40,Philippines,>50K
27,Private,96226,HS-grad,9,Married-civ-spouse,Craft-repair,Husband,White,Male,0,0,70,United-States,<=50K
38,Private,95336,Bachelors,13,Married-civ-spouse,Sales,Husband,White,Male,0,0,50,United-States,>50K
33,Private,258498,Some-college,10,Married-civ-spouse,Craft-repair,Wife,White,Female,0,0,60,United-States,<=50K
63,?,149698,Some-college,10,Married-civ-spouse,?,Husband,White,Male,0,0,15,United-States,<=50K
23,Private,205865,Bachelors,13,Never-married,Exec-managerial,Own-child,White,Male,0,0,28,United-States,<=50K
33,Self-emp-inc,155781,Some-college,10,Married-civ-spouse,Craft-repair,Husband,White,Male,0,0,60,?,<=50K
54,Self-emp-not-inc,406468,HS-grad,9,Married-civ-spouse,Sales,Husband,Black,Male,0,0,40,United-States,<=50K
29,Private,177119,Assoc-voc,11,Divorced,Tech-support,Not-in-family,White,Female,2174,0,45,United-States,<=50K
48,?,144397,Some-college,10,Divorced,?,Unmarried,Black,Female,0,0,30,United-States,<=50K
35,Self-emp-not-inc,372525,Bachelors,13,Never-married,Exec-managerial,Not-in-family,White,Male,0,0,40,United-States,<=50K
28,Private,164170,Assoc-voc,11,Married-civ-spouse,Adm-clerical,Wife,Asian-Pac-Islander,Female,0,0,40,India,<=50K
37,Private,183800,Bachelors,13,Married-civ-spouse,Prof-specialty,Husband,White,Male,7688,0,50,United-States,>50K
42,Self-emp-not-inc,177307,Prof-school,15,Married-civ-spouse,Farming-fishing,Husband,White,Male,0,0,65,United-States,>50K
40,Private,170108,Masters,14,Married-civ-spouse,Prof-specialty,Husband,White,Male,0,0,40,United-States,<=50K
47,Private,341995,Some-college,10,Divorced,Sales,Own-child,White,Male,0,0,55,United-States,<=50K
22,Private,226508,Bachelors,13,Never-married,Exec-managerial,Own-child,White,Female,0,0,50,United-States,<=50K
30,Private,87418,Bachelors,13,Married-civ-spouse,Exec-managerial,Husband,White,Male,0,0,45,United-States,>50K
28,Private,109165,HS-grad,9,Married-civ-spouse,Tech-support,Husband,White,Male,0,0,40,United-States,<=50K
63,Local-gov,28856,7th-8th,4,Married-civ-spouse,Other-service,Husband,White,Male,0,0,55,United-States,<=50K
51,Self-emp-not-inc,175897,9th,5,Married-civ-spouse,Craft-repair,Husband,White,Male,0,0,20,United-States,<=50K
22,Private,99697,HS-grad,9,Never-married,Handlers-cleaners,Own-child,White,Female,0,0,40,United-States,<=50K
27,?,90270,Assoc-acdm,12,Married-civ-spouse,?,Own-child,Amer-Indian-Eskimo,Male,0,0,40,United-States,<=50K
35,Private,152375,HS-grad,9,Never-married,Sales,Not-in-family,White,Male,0,0,45,United-States,<=50K
46,Private,171550,HS-grad,9,Divorced,Machine-op-inspct,Not-in-family,White,Female,0,0,38,United-States,<=50K
37,Private,211154,Some-college,10,Divorced,Machine-op-inspct,Not-in-family,White,Male,0,0,52,United-States,<=50K
24,Private,202570,Bachelors,13,Never-married,Prof-specialty,Own-child,Black,Male,0,0,15,United-States,<=50K
37,Self-emp-not-inc,168496,HS-grad,9,Divorced,Handlers-cleaners,Own-child,White,Male,0,0,10,United-States,<=50K
53,Private,68898,Some-college,10,Married-civ-spouse,Tech-support,Husband,White,Male,0,0,40,United-States,<=50K
27,Private,93235,HS-grad,9,Never-married,Sales,Not-in-family,White,Male,0,0,30,United-States,<=50K
38,Private,278924,Some-college,10,Divorced,Craft-repair,Not-in-family,White,Male,0,0,44,United-States,<=50K
53,Self-emp-not-inc,311020,10th,6,Married-civ-spouse,Farming-fishing,Husband,White,Male,0,0,60,United-States,<=50K
34,Private,175878,Some-college,10,Never-married,Craft-repair,Not-in-family,White,Male,0,0,40,United-States,<=50K
23,Private,543028,HS-grad,9,Never-married,Sales,Own-child,Black,Male,0,0,40,United-States,<=50K
39,Private,202027,Bachelors,13,Married-civ-spouse,Exec-managerial,Husband,White,Male,15024,0,45,United-States,>50K
43,Private,158926,Masters,14,Married-civ-spouse,Prof-specialty,Wife,Asian-Pac-Islander,Female,0,0,50,South,<=50K
67,Self-emp-inc,76860,HS-grad,9,Married-civ-spouse,Exec-managerial,Husband,Asian-Pac-Islander,Male,0,0,40,United-States,>50K
81,Self-emp-not-inc,136063,HS-grad,9,Married-civ-spouse,Exec-managerial,Husband,White,Male,0,0,30,United-States,<=50K
21,Private,186648,Some-college,10,Never-married,Other-service,Own-child,White,Male,0,0,20,United-States,<=50K
23,Private,257509,Some-college,10,Never-married,Sales,Not-in-family,White,Male,0,0,25,United-States,<=50K
25,Private,98155,Some-college,10,Never-married,Transport-moving,Unmarried,White,Male,0,0,40,United-States,<=50K
42,Private,274198,5th-6th,3,Married-civ-spouse,Machine-op-inspct,Wife,White,Female,0,0,38,Mexico,<=50K
38,Private,97083,Some-college,10,Married-civ-spouse,Adm-clerical,Wife,Black,Female,0,0,40,United-States,<=50K
64,?,29825,HS-grad,9,Married-civ-spouse,?,Husband,White,Male,0,0,5,United-States,<=50K
32,Private,262153,HS-grad,9,Married-civ-spouse,Machine-op-inspct,Husband,White,Male,0,0,40,United-States,<=50K
37,Private,214738,HS-grad,9,Married-civ-spouse,Machine-op-inspct,Husband,White,Male,0,0,40,United-States,<=50K
51,Private,138022,Masters,14,Married-civ-spouse,Exec-managerial,Husband,White,Male,0,0,60,United-States,>50K
22,Private,91842,Some-college,10,Never-married,Sales,Not-in-family,White,Female,0,0,42,United-States,<=50K
33,Private,373662,1st-4th,2,Married-spouse-absent,Priv-house-serv,Not-in-family,White,Female,0,0,40,Guatemala,<=50K
42,Private,162003,HS-grad,9,Divorced,Machine-op-inspct,Not-in-family,White,Male,0,0,55,United-States,<=50K
19,?,52114,Some-college,10,Never-married,?,Own-child,White,Female,0,0,10,United-States,<=50K
51,Local-gov,241843,Preschool,1,Married-civ-spouse,Other-service,Husband,White,Male,0,0,40,United-States,<=50K
23,Private,375871,HS-grad,9,Married-civ-spouse,Adm-clerical,Wife,White,Female,0,0,40,Mexico,<=50K
37,Private,186934,11th,7,Married-civ-spouse,Machine-op-inspct,Husband,White,Male,3103,0,44,United-States,>50K
37,Private,176900,HS-grad,9,Married-civ-spouse,Craft-repair,Husband,White,Male,0,0,99,United-States,>50K
47,Private,21906,Masters,14,Never-married,Prof-specialty,Not-in-family,White,Female,0,0,25,United-States,<=50K
41,Private,132222,Prof-school,15,Married-civ-spouse,Prof-specialty,Husband,White,Male,0,2415,40,United-States,>50K
33,Private,143653,HS-grad,9,Married-civ-spouse,Craft-repair,Husband,White,Male,0,0,30,United-States,<=50K
31,Private,111567,Bachelors,13,Never-married,Sales,Not-in-family,White,Male,0,0,40,United-States,>50K
31,Private,78602,Assoc-acdm,12,Divorced,Other-service,Unmarried,Amer-Indian-Eskimo,Female,0,0,40,United-States,<=50K
35,Private,465507,HS-grad,9,Married-civ-spouse,Machine-op-inspct,Husband,Black,Male,0,0,40,United-States,<=50K
38,Self-emp-inc,196373,HS-grad,9,Married-civ-spouse,Exec-managerial,Husband,White,Male,0,0,40,United-States,>50K
18,Private,293227,HS-grad,9,Never-married,Other-service,Not-in-family,White,Female,0,0,45,United-States,<=50K
20,Private,241752,HS-grad,9,Married-civ-spouse,Machine-op-inspct,Husband,White,Male,0,0,40,United-States,<=50K
54,Local-gov,166398,Some-college,10,Divorced,Exec-managerial,Unmarried,Black,Female,0,0,35,United-States,<=50K
40,Private,184682,Some-college,10,Divorced,Adm-clerical,Unmarried,White,Female,0,0,40,United-States,<=50K
36,Self-emp-inc,108293,Bachelors,13,Married-civ-spouse,Exec-managerial,Wife,White,Female,0,1977,45,United-States,>50K
43,Private,250802,Some-college,10,Divorced,Craft-repair,Unmarried,White,Male,0,0,35,United-States,<=50K
44,Self-emp-not-inc,325159,Some-college,10,Divorced,Farming-fishing,Unmarried,White,Male,0,0,40,United-States,<=50K
44,State-gov,174675,HS-grad,9,Married-civ-spouse,Prof-specialty,Wife,White,Female,0,0,40,United-States,>50K
43,Private,227065,Masters,14,Married-civ-spouse,Exec-managerial,Husband,White,Male,0,0,43,United-States,>50K
51,Private,269080,7th-8th,4,Widowed,Other-service,Unmarried,Black,Female,0,0,40,United-States,<=50K
18,Private,177722,HS-grad,9,Never-married,Other-service,Own-child,White,Female,0,0,20,United-States,<=50K
51,Private,133461,Some-college,10,Married-civ-spouse,Exec-managerial,Husband,White,Male,0,0,40,United-States,<=50K
41,Private,239683,10th,6,Married-civ-spouse,Craft-repair,Husband,White,Male,0,0,30,?,<=50K
44,Self-emp-inc,398473,Some-college,10,Married-civ-spouse,Sales,Husband,White,Male,0,0,70,United-States,>50K
33,Local-gov,298785,10th,6,Divorced,Transport-moving,Not-in-family,White,Male,0,0,40,United-States,<=50K
33,Self-emp-not-inc,123424,Bachelors,13,Married-civ-spouse,Exec-managerial,Husband,White,Male,0,0,40,United-States,>50K
42,Private,176286,Assoc-acdm,12,Married-civ-spouse,Exec-managerial,Husband,White,Male,0,0,40,United-States,>50K
25,Private,150062,Some-college,10,Married-civ-spouse,Prof-specialty,Husband,White,Male,0,0,45,United-States,<=50K
32,Private,169240,HS-grad,9,Divorced,Machine-op-inspct,Not-in-family,White,Female,0,0,38,United-States,<=50K
32,Private,288273,Bachelors,13,Married-civ-spouse,Craft-repair,Husband,White,Male,0,0,70,Mexico,<=50K
36,Private,526968,10th,6,Divorced,Exec-managerial,Unmarried,White,Female,0,0,40,United-States,<=50K
28,Private,57066,HS-grad,9,Married-civ-spouse,Transport-moving,Husband,White,Male,0,0,40,United-States,<=50K
20,Private,323573,HS-grad,9,Never-married,Other-service,Own-child,White,Female,0,0,20,United-States,<=50K
35,Self-emp-inc,368825,Some-college,10,Married-civ-spouse,Sales,Husband,White,Male,0,0,60,United-States,>50K
55,Self-emp-not-inc,189721,HS-grad,9,Married-civ-spouse,Craft-repair,Husband,White,Male,0,0,20,United-States,<=50K
48,Private,164966,Bachelors,13,Married-civ-spouse,Exec-managerial,Husband,Asian-Pac-Islander,Male,0,0,40,India,>50K
36,?,94954,Assoc-voc,11,Widowed,?,Not-in-family,White,Female,0,0,20,United-States,<=50K
34,Private,202046,HS-grad,9,Married-civ-spouse,Craft-repair,Husband,White,Male,0,0,35,United-States,>50K
28,Private,161538,Bachelors,13,Never-married,Tech-support,Not-in-family,White,Female,0,0,35,United-States,<=50K
67,Private,105252,Bachelors,13,Widowed,Exec-managerial,Not-in-family,White,Male,0,2392,40,United-States,>50K
37,Private,200153,HS-grad,9,Married-civ-spouse,Craft-repair,Husband,White,Male,0,0,40,United-States,<=50K
44,Private,32185,HS-grad,9,Never-married,Transport-moving,Unmarried,White,Male,0,0,70,United-States,<=50K
25,Private,178326,Some-college,10,Never-married,Sales,Not-in-family,White,Female,0,0,40,United-States,<=50K
21,Private,255957,Some-college,10,Never-married,Exec-managerial,Not-in-family,White,Female,4101,0,40,United-States,<=50K
40,State-gov,188693,Masters,14,Married-civ-spouse,Prof-specialty,Husband,White,Male,0,0,35,United-States,>50K
78,Private,182977,HS-grad,9,Widowed,Other-service,Not-in-family,Black,Female,2964,0,40,United-States,<=50K
34,Private,159929,HS-grad,9,Divorced,Handlers-cleaners,Own-child,White,Male,0,0,40,United-States,<=50K
49,Private,123207,HS-grad,9,Never-married,Adm-clerical,Not-in-family,White,Female,0,0,44,United-States,<=50K
22,Private,284317,Assoc-acdm,12,Never-married,Adm-clerical,Not-in-family,White,Female,0,0,40,United-States,<=50K
23,?,184699,HS-grad,9,Never-married,?,Unmarried,Black,Female,0,0,40,United-States,<=50K
60,Self-emp-not-inc,154474,HS-grad,9,Never-married,Farming-fishing,Unmarried,White,Male,0,0,42,United-States,<=50K
45,Local-gov,318280,HS-grad,9,Widowed,Protective-serv,Not-in-family,White,Male,0,0,40,United-States,>50K
63,Private,254907,Assoc-voc,11,Divorced,Other-service,Not-in-family,White,Female,0,0,20,United-States,<=50K
41,Private,349221,HS-grad,9,Never-married,Craft-repair,Own-child,Black,Female,0,0,35,United-States,<=50K
47,Private,335973,HS-grad,9,Divorced,Adm-clerical,Unmarried,White,Female,0,0,40,United-States,<=50K
44,Private,126701,HS-grad,9,Divorced,Craft-repair,Unmarried,White,Male,0,0,40,United-States,<=50K
51,Private,122159,Some-college,10,Widowed,Prof-specialty,Not-in-family,White,Female,3325,0,40,United-States,<=50K
46,Private,187370,Bachelors,13,Never-married,Sales,Not-in-family,White,Male,0,1504,40,United-States,<=50K
41,Private,194636,Assoc-voc,11,Married-civ-spouse,Machine-op-inspct,Husband,White,Male,0,0,40,United-States,<=50K
50,Self-emp-not-inc,124793,HS-grad,9,Married-civ-spouse,Craft-repair,Husband,White,Male,0,0,30,United-States,<=50K
47,Private,192835,HS-grad,9,Married-civ-spouse,Adm-clerical,Husband,White,Male,0,0,50,United-States,>50K
35,Private,290226,HS-grad,9,Never-married,Exec-managerial,Not-in-family,White,Male,0,0,45,United-States,<=50K
56,Private,112840,HS-grad,9,Married-civ-spouse,Exec-managerial,Husband,White,Male,0,0,55,United-States,>50K
45,Private,89325,Masters,14,Divorced,Prof-specialty,Not-in-family,White,Male,0,0,45,United-States,<=50K
48,Federal-gov,33109,Bachelors,13,Divorced,Exec-managerial,Unmarried,White,Male,0,0,58,United-States,>50K
40,Private,82465,Some-college,10,Married-civ-spouse,Machine-op-inspct,Husband,White,Male,2580,0,40,United-States,<=50K